<teiHeader> 
   <fileDesc> 
      <titleStmt> 
         <title></title>
         <funder>Universidad de Lausana</funder> 
         <respStmt> 
            <resp resp="transcriber">Transcriptor</resp> 
            <name></name> 
         </respStmt>
         <respStmt>
            <resp resp="reviewer1">Revisor 1</resp>
            <name></name>
         </respStmt>
         <respStmt>
            <resp resp="reviewer2">Revisor 2</resp>
            <name></name>
         </respStmt>
         <respStmt>
            <resp resp="XMLconverter">Conversor a XML</resp>
            <name></name>
         </respStmt>
      </titleStmt>
      <publicationStmt> 
         <publisher>
            <orgName type="group">GRAFILA</orgName> 
            <orgName type="institution">Universidad de Lausana</orgName>
         </publisher>
         <pubPlace>Lausana</pubPlace> 
         <idno type="corpus">COSUIZA</idno>
         <idno type="corpus-num"></idno>
         <distributor>Universidad de Lausana</distributor>
         <availability>
            <p>Licencia CREATIVE COMMONS</p>
         </availability> 
      </publicationStmt>
      <sourceDesc> 
         <msDesc>
            <msIdentifier>
               <country>Suiza</country>
               <region type="canton"></region> 
               <settlement></settlement> 
               <repository></repository> 
               <idno></idno> 
            </msIdentifier>
            <msContents> 
               <summary></summary> 
               <msItem class="original">
                  <editor>
                     <persName type="escribano/notario"></persName> 
                  </editor>
               </msItem>
            </msContents>
            <physDesc>
               <objectDesc form="ms">
                  <supportDesc material="paper">
                     <extent>
                        <note></note> 
                        <dimensions scope="all" unit="mm">
                           <height></height> 
                           <width></width> 
                        </dimensions>
                     </extent>
                     <condition><p></p></condition> 
                  </supportDesc>
               </objectDesc>
               <handDesc hands="1">
                  <handNote resp="#h1" />  
               </handDesc>
               <bindingDesc> 
                  <binding><p></p></binding> 
               </bindingDesc>
            </physDesc>
            <history> 
               <origin> 
                  <origDate when="aaaa-mm-dd" type="explicit"></origDate> 
                  <origPlace type="explicit">
                     <placeName type="settlement"></placeName> 
                     <region type="region"></region> 
                     <country></country> 
                     <geo></geo> 
                  </origPlace>
               </origin>
            </history>
         </msDesc>
      </sourceDesc>
   </fileDesc>
   <encodingDesc> 
      <projectDesc> 
         <p>Edición electrónica preparada para la investigación CHARTA-TEI</p>
      </projectDesc>
      <editorialDecl> 
         <p>Este documento sigue los criterios de edición CHARTA adaptados para el estándar internacional de marcación electrónica TEI http://www.tei-c.org/index.xml.</p>
      </editorialDecl>
      <classDecl> 
         <taxonomy xml:id="Tip-CH">
            <bibl>Tipología CHARTA, propuesta de octubre de 2013</bibl> 
            <category xml:id="tex-leg"> 
               <category xml:id="tex-leg-ord">
                  <catDesc>Ordenanzas</catDesc>
               </category>
               <category xml:id="tex-leg-fue">
                  <catDesc>Fueros</catDesc>
               </category>
               <category xml:id="tex-leg-pri">
                  <catDesc>Privilegios</catDesc>
               </category>
               <category xml:id="tex-leg-cpue">
                  <catDesc>Cartas pueblas</catDesc>
               </category>
               <category xml:id="tex-leg-pra">
                  <catDesc>Pragmáticas</catDesc>
               </category>
            </category>
            <category xml:id="car-com"> 
               <category xml:id="car-com-con">
                  <catDesc>Contratos</catDesc>
               </category>
               <category xml:id="car-com-com">
                  <catDesc>Compraventas</catDesc>
               </category>
               <category xml:id="car-com-ces">
                  <catDesc>Cesiones</catDesc>
               </category>
               <category xml:id="car-com-don">
                  <catDesc>Donaciones</catDesc>
               </category>
               <category xml:id="car-com-conc">
                  <catDesc>Conciertos</catDesc>
               </category>
               <category xml:id="car-com-acu">
                  <catDesc>Acuerdos</catDesc>
               </category>
               <category xml:id="car-com-per">
                  <catDesc>Permutas</catDesc>
               </category>
               <category xml:id="car-com-tru">
                  <catDesc>Truques</catDesc>
               </category>
               <category xml:id="car-com-pac">
                  <catDesc>Pactos</catDesc>
               </category>
               <category xml:id="car-com-int">
                  <catDesc>Intercambios de bienes</catDesc>
               </category>
               <category xml:id="car-com-ccen">
                  <catDesc>Cartas de censo</catDesc>
               </category>
            </category>
            <category xml:id="act-decl"> 
               <category xml:id="act-decl-muni">
                  <catDesc>Actas municipales</catDesc>
               </category>
               <category xml:id="act-decl-judi">
                  <catDesc>Actas judiciales</catDesc>
               </category>
               <category xml:id="act-decl-dtes">
                  <catDesc>Declaraciones de testigos</catDesc>
               </category>
               <category xml:id="act-decl-inte">
                  <catDesc>Interrogatorios</catDesc>
               </category>
               <category xml:id="act-decl-info">
                  <catDesc>Informaciones</catDesc>
               </category>
               <category xml:id="act-decl-peti">
                  <catDesc>Peticiones</catDesc>
               </category>
               <category xml:id="act-decl-jura">
                  <catDesc>Juramentos</catDesc>
               </category>
               <category xml:id="act-decl-test">
                  <catDesc>Testimonios</catDesc>
               </category>
               <category xml:id="act-decl-sent">
                  <catDesc>Sentencias</catDesc>
               </category>
               <category xml:id="act-decl-apel">
                  <catDesc>Apelaciones</catDesc>
               </category>
               <category xml:id="act-decl-renu">
                  <catDesc>Renuncias a actos jurídicos</catDesc>
               </category>
               <category xml:id="act-decl-acat">
                  <catDesc>Acatamientos de sentencias</catDesc>
               </category>
               <category xml:id="act-decl-inst">
                  <catDesc>Instrucciones</catDesc>
               </category>
            </category>
            <category xml:id="car-pri"> 
               <category xml:id="car-pri-pri">
                  <catDesc>Cartas privadas</catDesc>
               </category>
               <category xml:id="car-pri-spu">
                  <catDesc>Cartas semipúblicas</catDesc>
               </category>
               <category xml:id="car-pri-sec">
                  <catDesc>Cartas secretas</catDesc>
               </category>
            </category>
            <category xml:id="tes-inv"> 
               <category xml:id="tes-inv-inv">
                  <catDesc>Inventarios</catDesc>
               </category>
               <category xml:id="tes-inv-lis">
                  <catDesc>Listados</catDesc>
               </category>
               <category xml:id="tes-inv-alm">
                  <catDesc>Almonedas</catDesc>
               </category>
               <category xml:id="tes-inv-tes">
                  <catDesc>Testamentos</catDesc>
               </category>
               <category xml:id="tes-inv-cod">
                  <catDesc>Codicilos</catDesc>
               </category>
               <category xml:id="tes-inv-mtes">
                  <catDesc>Mandas testamentarias</catDesc>
               </category>
               <category xml:id="tes-inv-cue">
                  <catDesc>Cuentas</catDesc>
               </category>
               <category xml:id="tes-inv-cpob">
                  <catDesc>Censos de población</catDesc>
               </category>
               <category xml:id="tes-inv-des">
                  <catDesc>Deslindes y amojonamientos</catDesc>
               </category>
            </category>
            <category xml:id="inf-rel"> 
               <category xml:id="inf-rel-rel">
                  <catDesc>Relaciones</catDesc>
               </category>
               <category xml:id="inf-rel-inf">
                  <catDesc>Informes</catDesc>
               </category>
               <category xml:id="inf-rel-infes">
                  <catDesc>Informaciones</catDesc>
               </category>
               <category xml:id="inf-rel-mem">
                  <catDesc>Memoriales</catDesc>
               </category>
               <category xml:id="inf-rel-pes">
                  <catDesc>Pesquisas</catDesc>
               </category>
            </category>
            <category xml:id="est"> 
               <category xml:id="est-est">
                  <catDesc>Estatutos</catDesc>
               </category>
               <category xml:id="est-afu">
                  <catDesc>Actas fundacionales</catDesc>
               </category>
               <category xml:id="est-con">
                  <catDesc>Constituciones de sociedades, cofradías, órdenes</catDesc>
               </category>
            </category>
            <category xml:id="cert"> 
               <category xml:id="cert-cert">
                  <catDesc>Certificaciones</catDesc>
               </category>
               <category xml:id="cert-cpod">
                  <catDesc>Cartas de poder</catDesc>
               </category>
               <category xml:id="cert-tit">
                  <catDesc>Títulos</catDesc>
               </category>
               <category xml:id="cert-nomb">
                  <catDesc>Nombramientos</catDesc>
               </category>
               <category xml:id="cert-cdot">
                  <catDesc>Cartas de dote</catDesc>
               </category>
               <category xml:id="cert-cpag">
                  <catDesc>Cartas de pago</catDesc>
               </category>
               <category xml:id="cert-tasa">
                  <catDesc>Tasaciones</catDesc>
               </category>
               <category xml:id="cert-tpro">
                  <catDesc>Títulos de propiedad</catDesc>
               </category>
               <category xml:id="cert-gen">
                  <catDesc>Expedientes de genealogía y limpieza de sangre</catDesc>
               </category>
            </category>
            <category xml:id="not-bre"> 
               <category xml:id="not-bre-aba">
                  <catDesc>Notas de abandono</catDesc>
               </category>
               <category xml:id="not-bre-sue">
                  <catDesc>Sueltos</catDesc>
               </category>
               <category xml:id="not-bre-bre">
                  <catDesc>Breves</catDesc>
               </category>
               <category xml:id="not-bre-apu">
                  <catDesc>Apuntes</catDesc>
               </category>
               <category xml:id="not-bre-alb">
                  <catDesc>Albalaes</catDesc>
               </category>
               <category xml:id="not-bre-rec">
                  <catDesc>Recibos</catDesc>
               </category>
            </category>
            <category xml:id="otros"></category> 
         </taxonomy>
      </classDecl>
   </encodingDesc>
   <profileDesc> 
      <langUsage type="hybrid"> 
         <language ident="es" scope="major">castellano</language> 
      </langUsage>
      <textClass> 
         <catRef target="#select id" /> 
         <keywords> 
            <term></term>
            <term></term>
            <term></term>
            <term></term>
         </keywords>
      </textClass>
      <particDesc> 
         <person role="scriptor">
            <persName>Scriptor</persName>
         </person>
         <person role="author/sent">
            <persName>Autor</persName>
         </person>
         <person role="ordered">
            <persName>lussor</persName>
         </person>
         <person role="signed">
            <persName>Firmante</persName>
         </person>
         <person role="received">
            <persName>Destinatario</persName>
         </person>
      </particDesc>
      <correspDesc> 
         <correspAction type="sent"> 
            <settlement>
               <placeName>Origen</placeName>
               <geo>Coordenadas</geo>
            </settlement>
         </correspAction>
         <correspAction type="received"> 
            <settlement>
               <placeName>Origen</placeName>
               <geo>Coordenadas</geo>
            </settlement>
         </correspAction>
      </correspDesc>
   </profileDesc>
   <revisionDesc> 
      <change when="aaa-mm-dd">Creación del archivo</change>
      <change when="aaa-mm-dd">Revisión final de la presentación crítica</change>
   </revisionDesc>
</teiHeader>